{"EventEmitter#on(single)":0.019276915001682937,"Object#on(single)":0.26498281001113355,"EventEmitter#on(typeN)":0.10084695200202987,"Object#on(typeN)":0.10227758501423523,"EventEmitter#on(multiple)":0.08302946103503928,"EventEmitter#on(multipleN)":0.10527602900401689,"Object#on(multipleN)":0.03063338703941554,"EventEmitter#emit(single)":0.013485881005181,"Object#emit(single)":0.08289391198195517,"EventEmitter#emit(multiple)":0.026770233002025634,"Object#emit(multiple)":0.0919321280089207,"EventEmitter#emit(multipleN)":0.004222281975671649,"Object#emit(multipleN)":0.02433287800522521,"EventEmitter#off(single)":0.005313802990713157,"Object#off(single)":0.10514610697282478,"EventEmitter#off(multiple)":0.01313486200524494,"Object#off(multiple)":0.1329735399922356,"Object#on(multiple)":0.2891067870077677}