{"Object#on(multiple)":0.35030040598940104,"Object#emit(single)":0.06900736701209098,"Object#emit(multiple)":0.07924754801206291,"Object#off(single)":0.11871820996748284,"Object#off(multiple)":0.15713041397975758,"Object#on(single)":0.2271015360020101}