{"Object#on(multiple)":0.2611418509623036,"Object#emit(single)":0.047777450003195554,"Object#emit(multiple)":0.07924754801206291,"Object#off(single)":0.0948609680053778,"Object#off(multiple)":0.14972982398467138,"Object#on(single)":0.2271015360020101,"EventEmitter#on(single)":0.019341208040714264,"EventEmitter#on(multiple)":0.10639396798796952,"EventEmitter#emit(single)":0.006917185033671558,"EventEmitter#emit(multiple)":0.03129182098200545,"EventEmitter#off(single)":0.006396954995580018,"EventEmitter#off(multiple)":0.018143422028515488}